Workbook

Sheet สมมติฐาน
A1: สมมติฐานงบประมาณค่าอาหาร ทีม TGR2026
A2: รายการ | B2: ค่า | C2: หน่วย
A3: จำนวนนักศึกษา | B3: 15 | C3: คน
A4: จำนวนอาจารย์ | B4: 3 | C4: คน
A5: จำนวนคนรวม | B5: =B3+B4 | C5: คน
A6: อาหารว่าง: จำนวนมื้อต่อวัน | B6: 2 | C6: มื้อ/วัน
A7: อาหารว่าง: ราคาต่อคนต่อมื้อ | B7: 50 | C7: บาท
A8: อาหารกลางวัน: จำนวนมื้อต่อวัน | B8: 1 | C8: มื้อ/วัน
A9: อาหารกลางวัน: ราคาต่อคนต่อมื้อ | B9: 100 | C9: บาท
A10: อาหารเย็น: ราคาต่อคนต่อมื้อ (เฉพาะ 24 ต.ค. 2569) | B10: 100 | C10: บาท
A11: จำนวนวันจัดเลี้ยง | B11: 4 | C11: วัน
A12: ราคาจริง: อาหารว่างต่อคนต่อมื้อ | B12: 40 | C12: บาท
A13: ราคาจริง: อาหารกลางวันต่อคนต่อมื้อ | B13: 55 | C13: บาท
A14: ราคาจริง: อาหารเย็นต่อคนต่อมื้อ | B14: 55 | C14: บาท
A17: วิธีใช้
A18: • ตัวเลขทั้งหมดในชีตนี้มาจากโจทย์ที่ผู้ใช้กำหนด
A19: • ช่องสีเหลืองตัวอักษรสีน้ำเงิน = ค่าที่แก้ได้ ทุกชีตจะคำนวณใหม่อัตโนมัติ
A20: • วันจัดเลี้ยง: 23, 24, 25 ต.ค. 2569 และ 1 พ.ย. 2569 (อาหารว่าง 2 มื้อ + กลางวัน ทุกวัน)
A21: • อาหารเย็นมีเพียงวันเดียว คือ 24 ต.ค. 2569
A22: • ราคาจริง (แถว 12-14) ใช้คำนวณยอดจ่ายจริง แยกจากราคาตั้งงบ
A23: • ชีต 'งบประมาณ': กรอกจำนวนคนที่กินจริงในช่องสีเหลือง เพื่อดูยอดจ่ายจริงและส่วนต่าง
A24: • ชีต 'จำนวนเงินที่เป็นไปได้': ยอดเงินทุกกรณีตามจำนวนคน 0-18 คน

Sheet งบประมาณ
A1: งบประมาณค่าอาหาร เทียบกับยอดจ่ายจริง
A2: วันที่ | B2: มื้อ | C2: ราคาตั้งงบ/คน (บาท) | D2: จำนวนคน (ตั้งงบ) | E2: งบประมาณ (บาท) | F2: ราคาจริง/คน (บาท) | G2: จำนวนคน (จริง) | H2: จ่ายจริง (บาท) | I2: ส่วนต่าง (บาท) งบ − จริง
A3: 23 ต.ค. 2569 | B3: อาหารว่างเช้า | C3: =สมมติฐาน!$B$7 | D3: =สมมติฐาน!$B$5 | E3: =C3*D3 | F3: =สมมติฐาน!$B$12 | G3: =D3 | H3: =F3*G3 | I3: =E3-H3
A4: 23 ต.ค. 2569 | B4: อาหารกลางวัน | C4: =สมมติฐาน!$B$9 | D4: =สมมติฐาน!$B$5 | E4: =C4*D4 | F4: =สมมติฐาน!$B$13 | G4: =D4 | H4: =F4*G4 | I4: =E4-H4
A5: 23 ต.ค. 2569 | B5: อาหารว่างบ่าย | C5: =สมมติฐาน!$B$7 | D5: =สมมติฐาน!$B$5 | E5: =C5*D5 | F5: =สมมติฐาน!$B$12 | G5: =D5 | H5: =F5*G5 | I5: =E5-H5
A6: 24 ต.ค. 2569 | B6: อาหารว่างเช้า | C6: =สมมติฐาน!$B$7 | D6: =สมมติฐาน!$B$5 | E6: =C6*D6 | F6: =สมมติฐาน!$B$12 | G6: =D6 | H6: =F6*G6 | I6: =E6-H6
A7: 24 ต.ค. 2569 | B7: อาหารกลางวัน | C7: =สมมติฐาน!$B$9 | D7: =สมมติฐาน!$B$5 | E7: =C7*D7 | F7: =สมมติฐาน!$B$13 | G7: =D7 | H7: =F7*G7 | I7: =E7-H7
A8: 24 ต.ค. 2569 | B8: อาหารว่างบ่าย | C8: =สมมติฐาน!$B$7 | D8: =สมมติฐาน!$B$5 | E8: =C8*D8 | F8: =สมมติฐาน!$B$12 | G8: =D8 | H8: =F8*G8 | I8: =E8-H8
A9: 24 ต.ค. 2569 | B9: อาหารเย็น | C9: =สมมติฐาน!$B$10 | D9: =สมมติฐาน!$B$5 | E9: =C9*D9 | F9: =สมมติฐาน!$B$14 | G9: =D9 | H9: =F9*G9 | I9: =E9-H9
A10: 25 ต.ค. 2569 | B10: อาหารว่างเช้า | C10: =สมมติฐาน!$B$7 | D10: =สมมติฐาน!$B$5 | E10: =C10*D10 | F10: =สมมติฐาน!$B$12 | G10: =D10 | H10: =F10*G10 | I10: =E10-H10
A11: 25 ต.ค. 2569 | B11: อาหารกลางวัน | C11: =สมมติฐาน!$B$9 | D11: =สมมติฐาน!$B$5 | E11: =C11*D11 | F11: =สมมติฐาน!$B$13 | G11: =D11 | H11: =F11*G11 | I11: =E11-H11
A12: 25 ต.ค. 2569 | B12: อาหารว่างบ่าย | C12: =สมมติฐาน!$B$7 | D12: =สมมติฐาน!$B$5 | E12: =C12*D12 | F12: =สมมติฐาน!$B$12 | G12: =D12 | H12: =F12*G12 | I12: =E12-H12
A13: 1 พ.ย. 2569 | B13: อาหารว่างเช้า | C13: =สมมติฐาน!$B$7 | D13: =สมมติฐาน!$B$5 | E13: =C13*D13 | F13: =สมมติฐาน!$B$12 | G13: =D13 | H13: =F13*G13 | I13: =E13-H13
A14: 1 พ.ย. 2569 | B14: อาหารกลางวัน | C14: =สมมติฐาน!$B$9 | D14: =สมมติฐาน!$B$5 | E14: =C14*D14 | F14: =สมมติฐาน!$B$13 | G14: =D14 | H14: =F14*G14 | I14: =E14-H14
A15: 1 พ.ย. 2569 | B15: อาหารว่างบ่าย | C15: =สมมติฐาน!$B$7 | D15: =สมมติฐาน!$B$5 | E15: =C15*D15 | F15: =สมมติฐาน!$B$12 | G15: =D15 | H15: =F15*G15 | I15: =E15-H15
A16: รวมทั้งหมด | D16: =SUM(D3:D15) | E16: =SUM(E3:E15) | G16: =SUM(G3:G15) | H16: =SUM(H3:H15) | I16: =SUM(I3:I15)
A17: ส่วนต่างคิดเป็น % ของงบ | I17: =IF(E16=0,0,I16/E16)
A19: สรุปตามประเภทอาหาร
A20: ประเภท | B20: จำนวนมื้อ (คน-มื้อ) | C20: งบประมาณ (บาท) | D20: จ่ายจริง (บาท) | E20: ส่วนต่าง (บาท)
A21: อาหารว่าง | B21: =SUMIF($B$3:$B$15,"อาหารว่าง*",$D$3:$D$15) | C21: =SUMIF($B$3:$B$15,"อาหารว่าง*",$E$3:$E$15) | D21: =SUMIF($B$3:$B$15,"อาหารว่าง*",$H$3:$H$15) | E21: =C21-D21
A22: อาหารกลางวัน | B22: =SUMIF($B$3:$B$15,"อาหารกลางวัน",$D$3:$D$15) | C22: =SUMIF($B$3:$B$15,"อาหารกลางวัน",$E$3:$E$15) | D22: =SUMIF($B$3:$B$15,"อาหารกลางวัน",$H$3:$H$15) | E22: =C22-D22
A23: อาหารเย็น | B23: =SUMIF($B$3:$B$15,"อาหารเย็น",$D$3:$D$15) | C23: =SUMIF($B$3:$B$15,"อาหารเย็น",$E$3:$E$15) | D23: =SUMIF($B$3:$B$15,"อาหารเย็น",$H$3:$H$15) | E23: =C23-D23
A24: รวม | B24: =SUM(B21:B23) | C24: =SUM(C21:C23) | D24: =SUM(D21:D23) | E24: =SUM(E21:E23)
A26: สรุปตามกลุ่ม
A27: กลุ่ม | B27: จำนวนคน | C27: งบต่อคน (บาท) | D27: งบประมาณ (บาท) | E27: จ่ายจริงต่อคน (บาท) | F27: จ่ายจริง (บาท) | G27: ส่วนต่าง (บาท)
A28: นักศึกษา | B28: =สมมติฐาน!B3 | C28: =IF(สมมติฐาน!$B$5=0,0,$E$16/สมมติฐาน!$B$5) | D28: =B28*C28 | E28: =IF(สมมติฐาน!$B$5=0,0,$H$16/สมมติฐาน!$B$5) | F28: =B28*E28 | G28: =D28-F28
A29: อาจารย์ | B29: =สมมติฐาน!B4 | C29: =IF(สมมติฐาน!$B$5=0,0,$E$16/สมมติฐาน!$B$5) | D29: =B29*C29 | E29: =IF(สมมติฐาน!$B$5=0,0,$H$16/สมมติฐาน!$B$5) | F29: =B29*E29 | G29: =D29-F29
A30: รวม | B30: =SUM(B28:B29) | D30: =SUM(D28:D29) | F30: =SUM(F28:F29) | G30: =SUM(G28:G29)
A32: ส่วนต่างเป็นบวก = ใช้จ่ายน้อยกว่างบ (เหลือ) | ส่วนต่างเป็นลบ (ในวงเล็บ) = ใช้เกินงบ
A33: ช่องสีเหลือง = กรอกจำนวนคนที่กินจริง | ตัวเลขสีเขียว = ดึงมาจากชีต 'สมมติฐาน'
A34: ราคาจริงจากผู้ใช้: อาหารว่าง 40 บาท อาหารกลางวัน 55 บาท อาหารเย็น 55 บาท ต่อคนต่อมื้อ
A35: จ่ายจริงต่อคนของแต่ละกลุ่ม = ยอดจ่ายจริงรวม ÷ จำนวนคนทั้งหมด (เฉลี่ยเท่ากันทุกคน)

Sheet จำนวนเงินที่เป็นไปได้
A1: จำนวนเงินที่เป็นไปได้ทั้งหมด ตามจำนวนคนที่มากินจริง
B2: ราคาตั้งงบ | I2: ราคาจริง
A3: จำนวนคน | B3: อาหารว่าง 1 มื้อ | C3: อาหารกลางวัน 1 มื้อ | D3: อาหารเย็น 1 มื้อ | E3: ต่อวัน (ว่าง 2 + กลางวัน) | F3: วัน 24 ต.ค. (รวมอาหารเย็น) | G3: งบรวมทั้งโครงการ (บาท) | H3: ส่วนต่างจากงบเต็ม (บาท) | I3: อาหารว่าง 1 มื้อ | J3: อาหารกลางวัน 1 มื้อ | K3: อาหารเย็น 1 มื้อ | L3: จ่ายจริงทั้งโครงการ (บาท) | M3: ส่วนต่างจากงบเต็ม (บาท)
A4: 18 | B4: =A4*สมมติฐาน!$B$7 | C4: =A4*สมมติฐาน!$B$9 | D4: =A4*สมมติฐาน!$B$10 | E4: =สมมติฐาน!$B$6*B4+สมมติฐาน!$B$8*C4 | F4: =E4+D4 | G4: =E4*สมมติฐาน!$B$11+D4 | H4: =$G$4-G4 | I4: =A4*สมมติฐาน!$B$12 | J4: =A4*สมมติฐาน!$B$13 | K4: =A4*สมมติฐาน!$B$14 | L4: =(สมมติฐาน!$B$6*I4+สมมติฐาน!$B$8*J4)*สมมติฐาน!$B$11+K4 | M4: =$G$4-L4
A5: 17 | B5: =A5*สมมติฐาน!$B$7 | C5: =A5*สมมติฐาน!$B$9 | D5: =A5*สมมติฐาน!$B$10 | E5: =สมมติฐาน!$B$6*B5+สมมติฐาน!$B$8*C5 | F5: =E5+D5 | G5: =E5*สมมติฐาน!$B$11+D5 | H5: =$G$4-G5 | I5: =A5*สมมติฐาน!$B$12 | J5: =A5*สมมติฐาน!$B$13 | K5: =A5*สมมติฐาน!$B$14 | L5: =(สมมติฐาน!$B$6*I5+สมมติฐาน!$B$8*J5)*สมมติฐาน!$B$11+K5 | M5: =$G$4-L5
A6: 16 | B6: =A6*สมมติฐาน!$B$7 | C6: =A6*สมมติฐาน!$B$9 | D6: =A6*สมมติฐาน!$B$10 | E6: =สมมติฐาน!$B$6*B6+สมมติฐาน!$B$8*C6 | F6: =E6+D6 | G6: =E6*สมมติฐาน!$B$11+D6 | H6: =$G$4-G6 | I6: =A6*สมมติฐาน!$B$12 | J6: =A6*สมมติฐาน!$B$13 | K6: =A6*สมมติฐาน!$B$14 | L6: =(สมมติฐาน!$B$6*I6+สมมติฐาน!$B$8*J6)*สมมติฐาน!$B$11+K6 | M6: =$G$4-L6
A7: 15 | B7: =A7*สมมติฐาน!$B$7 | C7: =A7*สมมติฐาน!$B$9 | D7: =A7*สมมติฐาน!$B$10 | E7: =สมมติฐาน!$B$6*B7+สมมติฐาน!$B$8*C7 | F7: =E7+D7 | G7: =E7*สมมติฐาน!$B$11+D7 | H7: =$G$4-G7 | I7: =A7*สมมติฐาน!$B$12 | J7: =A7*สมมติฐาน!$B$13 | K7: =A7*สมมติฐาน!$B$14 | L7: =(สมมติฐาน!$B$6*I7+สมมติฐาน!$B$8*J7)*สมมติฐาน!$B$11+K7 | M7: =$G$4-L7
A8: 14 | B8: =A8*สมมติฐาน!$B$7 | C8: =A8*สมมติฐาน!$B$9 | D8: =A8*สมมติฐาน!$B$10 | E8: =สมมติฐาน!$B$6*B8+สมมติฐาน!$B$8*C8 | F8: =E8+D8 | G8: =E8*สมมติฐาน!$B$11+D8 | H8: =$G$4-G8 | I8: =A8*สมมติฐาน!$B$12 | J8: =A8*สมมติฐาน!$B$13 | K8: =A8*สมมติฐาน!$B$14 | L8: =(สมมติฐาน!$B$6*I8+สมมติฐาน!$B$8*J8)*สมมติฐาน!$B$11+K8 | M8: =$G$4-L8
A9: 13 | B9: =A9*สมมติฐาน!$B$7 | C9: =A9*สมมติฐาน!$B$9 | D9: =A9*สมมติฐาน!$B$10 | E9: =สมมติฐาน!$B$6*B9+สมมติฐาน!$B$8*C9 | F9: =E9+D9 | G9: =E9*สมมติฐาน!$B$11+D9 | H9: =$G$4-G9 | I9: =A9*สมมติฐาน!$B$12 | J9: =A9*สมมติฐาน!$B$13 | K9: =A9*สมมติฐาน!$B$14 | L9: =(สมมติฐาน!$B$6*I9+สมมติฐาน!$B$8*J9)*สมมติฐาน!$B$11+K9 | M9: =$G$4-L9
A10: 12 | B10: =A10*สมมติฐาน!$B$7 | C10: =A10*สมมติฐาน!$B$9 | D10: =A10*สมมติฐาน!$B$10 | E10: =สมมติฐาน!$B$6*B10+สมมติฐาน!$B$8*C10 | F10: =E10+D10 | G10: =E10*สมมติฐาน!$B$11+D10 | H10: =$G$4-G10 | I10: =A10*สมมติฐาน!$B$12 | J10: =A10*สมมติฐาน!$B$13 | K10: =A10*สมมติฐาน!$B$14 | L10: =(สมมติฐาน!$B$6*I10+สมมติฐาน!$B$8*J10)*สมมติฐาน!$B$11+K10 | M10: =$G$4-L10
A11: 11 | B11: =A11*สมมติฐาน!$B$7 | C11: =A11*สมมติฐาน!$B$9 | D11: =A11*สมมติฐาน!$B$10 | E11: =สมมติฐาน!$B$6*B11+สมมติฐาน!$B$8*C11 | F11: =E11+D11 | G11: =E11*สมมติฐาน!$B$11+D11 | H11: =$G$4-G11 | I11: =A11*สมมติฐาน!$B$12 | J11: =A11*สมมติฐาน!$B$13 | K11: =A11*สมมติฐาน!$B$14 | L11: =(สมมติฐาน!$B$6*I11+สมมติฐาน!$B$8*J11)*สมมติฐาน!$B$11+K11 | M11: =$G$4-L11
A12: 10 | B12: =A12*สมมติฐาน!$B$7 | C12: =A12*สมมติฐาน!$B$9 | D12: =A12*สมมติฐาน!$B$10 | E12: =สมมติฐาน!$B$6*B12+สมมติฐาน!$B$8*C12 | F12: =E12+D12 | G12: =E12*สมมติฐาน!$B$11+D12 | H12: =$G$4-G12 | I12: =A12*สมมติฐาน!$B$12 | J12: =A12*สมมติฐาน!$B$13 | K12: =A12*สมมติฐาน!$B$14 | L12: =(สมมติฐาน!$B$6*I12+สมมติฐาน!$B$8*J12)*สมมติฐาน!$B$11+K12 | M12: =$G$4-L12
A13: 9 | B13: =A13*สมมติฐาน!$B$7 | C13: =A13*สมมติฐาน!$B$9 | D13: =A13*สมมติฐาน!$B$10 | E13: =สมมติฐาน!$B$6*B13+สมมติฐาน!$B$8*C13 | F13: =E13+D13 | G13: =E13*สมมติฐาน!$B$11+D13 | H13: =$G$4-G13 | I13: =A13*สมมติฐาน!$B$12 | J13: =A13*สมมติฐาน!$B$13 | K13: =A13*สมมติฐาน!$B$14 | L13: =(สมมติฐาน!$B$6*I13+สมมติฐาน!$B$8*J13)*สมมติฐาน!$B$11+K13 | M13: =$G$4-L13
A14: 8 | B14: =A14*สมมติฐาน!$B$7 | C14: =A14*สมมติฐาน!$B$9 | D14: =A14*สมมติฐาน!$B$10 | E14: =สมมติฐาน!$B$6*B14+สมมติฐาน!$B$8*C14 | F14: =E14+D14 | G14: =E14*สมมติฐาน!$B$11+D14 | H14: =$G$4-G14 | I14: =A14*สมมติฐาน!$B$12 | J14: =A14*สมมติฐาน!$B$13 | K14: =A14*สมมติฐาน!$B$14 | L14: =(สมมติฐาน!$B$6*I14+สมมติฐาน!$B$8*J14)*สมมติฐาน!$B$11+K14 | M14: =$G$4-L14
A15: 7 | B15: =A15*สมมติฐาน!$B$7 | C15: =A15*สมมติฐาน!$B$9 | D15: =A15*สมมติฐาน!$B$10 | E15: =สมมติฐาน!$B$6*B15+สมมติฐาน!$B$8*C15 | F15: =E15+D15 | G15: =E15*สมมติฐาน!$B$11+D15 | H15: =$G$4-G15 | I15: =A15*สมมติฐาน!$B$12 | J15: =A15*สมมติฐาน!$B$13 | K15: =A15*สมมติฐาน!$B$14 | L15: =(สมมติฐาน!$B$6*I15+สมมติฐาน!$B$8*J15)*สมมติฐาน!$B$11+K15 | M15: =$G$4-L15
... A22: 0 | B22: =A22*สมมติฐาน!$B$7 | C22: =A22*สมมติฐาน!$B$9 | D22: =A22*สมมติฐาน!$B$10 | E22: =สมมติฐาน!$B$6*B22+สมมติฐาน!$B$8*C22 | F22: =E22+D22 | G22: =E22*สมมติฐาน!$B$11+D22 | H22: =$G$4-G22 | I22: =A22*สมมติฐาน!$B$12 | J22: =A22*สมมติฐาน!$B$13 | K22: =A22*สมมติฐาน!$B$14 | L22: =(สมมติฐาน!$B$6*I22+สมมติฐาน!$B$8*J22)*สมมติฐาน!$B$11+K22 | M22: =$G$4-L22
A24: ส่วนต่างที่เกิดได้เมื่อขาดคน (ลดลงต่อครั้ง)
A25: กรณี | G25: ตามราคาตั้งงบ (บาท) | L25: ตามราคาจริง (บาท)
A26: ขาด 1 คน ในอาหารว่าง 1 มื้อ | G26: =สมมติฐาน!$B$7 | L26: =สมมติฐาน!$B$12
A27: ขาด 1 คน ในอาหารกลางวัน 1 มื้อ | G27: =สมมติฐาน!$B$9 | L27: =สมมติฐาน!$B$13
A28: ขาด 1 คน ในอาหารเย็น (24 ต.ค.) | G28: =สมมติฐาน!$B$10 | L28: =สมมติฐาน!$B$14
A29: ขาด 1 คน ทั้งวัน (วันปกติ) | G29: =E21 | L29: =สมมติฐาน!$B$6*I21+สมมติฐาน!$B$8*J21
A30: ขาด 1 คน ทั้งวัน 24 ต.ค. | G30: =F21 | L30: =สมมติฐาน!$B$6*I21+สมมติฐาน!$B$8*J21+K21
A31: ขาด 1 คน ตลอดทั้งโครงการ | G31: =G21 | L31: =L21
A33: • ราคาตั้งงบ: ทุกราคาเป็นทวีคูณของ 50 บาท ยอดจึงเป็นได้ตั้งแต่ 0 ถึงงบเต็ม ทีละ 50 บาท
A34: • ราคาจริง: ราคาเป็นทวีคูณของ 5 บาท (40, 55) ยอดจ่ายจริงจึงขยับทีละ 5 บาท
A35: • ส่วนต่างจากงบเต็มในคอลัมน์ M = งบเต็ม (18 คน ราคาตั้งงบ) − จ่ายจริงตามจำนวนคน
A36: จำนวนยอดงบที่เป็นไปได้ตามราคาตั้งงบ (กรณี) | G36: =G4/สมมติฐาน!$B$7+1
